Price,Location,NumberOfRooms,square,Agency,floor
495 000,Qaraçuxur q.,6 otaqlı,280 m²,,
233 429,Nardaran q.,1 otaqlı,56.2 m²,Kompleks,10/14 mərtəbə
297 000,Şah İsmayıl Xətai m.,2 otaqlı,74 m²,Agentlik,4/18 mərtəbə
134 315,Nardaran q.,1 otaqlı,41.2 m²,Kompleks,10/14 mərtəbə
465 000,Gənclik m.,3 otaqlı,140 m²,Agentlik,15/17 mərtəbə
156 000,20 Yanvar m.,2 otaqlı,50 m²,Agentlik,11/20 mərtəbə
185 000,Savalan q.,7 otaqlı,240 m²,,
118 000,Əhmədli m.,2 otaqlı,45 m²,Agentlik,7/9 mərtəbə
380 000,Nərimanov r.,3 otaqlı,118 m²,Agentlik,4/18 mərtəbə
225 000,Nərimanov r.,2 otaqlı,65 m²,,5/9 mərtəbə
113 000,Məmmədli q.,3 otaqlı,100 m²,,
856 600,Nardaran q.,3 otaqlı,229 m²,Kompleks,10/14 mərtəbə
300 000,Şüvəlan q.,12 sot,,Agentlik,
205 000,Əhmədli m.,2 otaqlı,85 m²,Agentlik,14/17 mərtəbə
470 000,Nərimanov r.,3 otaqlı,135 m²,Agentlik,15/17 mərtəbə
168 000,İnşaatçılar m.,3 otaqlı,70 m²,Agentlik,5/5 mərtəbə
210 000,Neftçilər m.,3 otaqlı,75 m²,Agentlik,4/5 mərtəbə
180 000,Bakıxanov q.,3 otaqlı,75 m²,Agentlik,8/9 mərtəbə
51 000,Sumqayıt,3 otaqlı,99 m²,,5/14 mərtəbə
92 500,Xırdalan,2 otaqlı,42 m²,Agentlik,12/13 mərtəbə
410 000,28 May m.,3 otaqlı,150 m²,,10/16 mərtəbə
177 000,20 Yanvar m.,2 otaqlı,50 m²,Agentlik,4/20 mərtəbə
530 000,Nizami m.,3 otaqlı,113.7 m²,Agentlik,7/15 mərtəbə
399 000,8 Noyabr m.,3 otaqlı,136 m²,,10/17 mərtəbə
675 189,Nardaran q.,4 otaqlı,147.1 m²,Kompleks,25/27 mərtəbə
275 000,Nəriman Nərimanov m.,2 otaqlı,84 m²,,8/15 mərtəbə
350 000,Sahil m.,2 otaqlı,72 m²,,3/3 mərtəbə
139 300,Nardaran q.,1 otaqlı,43 m²,Kompleks,12/14 mərtəbə
117 000,Pirşağı q.,4 otaqlı,132 m²,Agentlik,
150 000,Nardaran q.,17 sot,,Agentlik,
210 000,Əhmədli q.,5 otaqlı,205 m²,,
150 000,Xırdalan,2 otaqlı,75 m²,Agentlik,13/16 mərtəbə
135 000,Həzi Aslanov m.,2 otaqlı,59 m²,Agentlik,12/13 mərtəbə
295 000,28 May m.,3 otaqlı,110 m²,Agentlik,10/12 mərtəbə
395 000,Nizami m.,3 otaqlı,121 m²,,10/12 mərtəbə
425 000,Dübəndi q.,6 otaqlı,400 m²,Agentlik,
259 000,20 Yanvar m.,3 otaqlı,100 m²,Agentlik,14/19 mərtəbə
494 000,Koroğlu m.,4 otaqlı,210 m²,Agentlik,11/16 mərtəbə
230 000,Yasamal q.,3 otaqlı,70 m²,Agentlik,12/16 mərtəbə
280 000,Nəsimi r.,3 otaqlı,105 m²,Agentlik,4/10 mərtəbə
650 000,Nərimanov r.,100 m²,,Agentlik,
77 000,Masazır q.,3 otaqlı,90 m²,Agentlik,
163 000,Neftçilər m.,3 otaqlı,55 m²,Agentlik,2/5 mərtəbə
92 000,Lökbatan q.,2 otaqlı,77.8 m²,Agentlik,14/17 mərtəbə
920 000,Badamdar q.,8 otaqlı,363 m²,Agentlik,
320 000,Əhmədli m.,3 otaqlı,116 m²,Agentlik,9/16 mərtəbə
835 000,Şah İsmayıl Xətai m.,4 otaqlı,200 m²,Agentlik,6/20 mərtəbə
165 000,Neftçilər m.,2 otaqlı,55 m²,Agentlik,4/5 mərtəbə
200 000,Qaraçuxur q.,100 m²,,Agentlik,
168 000,Şüvəlan q.,3 otaqlı,100 m²,Agentlik,
680 000,Həzi Aslanov m.,162 m²,,Agentlik,
420 000,Nəriman Nərimanov m.,4 otaqlı,153 m²,,5/19 mərtəbə
215 000,Həzi Aslanov m.,36 m²,,,
285 000,Memar Əcəmi m.,3 otaqlı,112 m²,Agentlik,14/18 mərtəbə
238 000,Gənclik m.,3 otaqlı,70 m²,Agentlik,6/9 mərtəbə
250 000,İnşaatçılar m.,4 otaqlı,122 m²,,8/16 mərtəbə
430 000,Gənclik m.,100 m²,,Agentlik,
220 000,Nardaran q.,1 otaqlı,58 m²,,5/7 mərtəbə
130 000,Novxanı q.,3 otaqlı,95 m²,Agentlik,
95 000,Pirşağı q.,5 sot,,Agentlik,
850 000,Ağ şəhər q.,3 otaqlı,190 m²,,7/20 mərtəbə
229 000,Nizami m.,2 otaqlı,59 m²,Agentlik,5/6 mərtəbə
215 000,Mərdəkan q.,13 sot,,Agentlik,
1 042 000,Ağ şəhər q.,4 otaqlı,176.7 m²,Agentlik,7/10 mərtəbə
190 000,Nardaran q.,6 otaqlı,178 m²,Agentlik,
259 000,Nəriman Nərimanov m.,2 otaqlı,85 m²,Agentlik,19/20 mərtəbə
1 200 000,28 May m.,115 m²,,Agentlik,
210 000,Həzi Aslanov m.,3 otaqlı,85 m²,Agentlik,7/9 mərtəbə
670 000,Həzi Aslanov m.,100 m²,,Agentlik,
120 000,Sumqayıt,4 otaqlı,150 m²,,
575 000,Ağ şəhər q.,3 otaqlı,100 m²,,4/7 mərtəbə
125 500,Xırdalan,2 otaqlı,64 m²,Agentlik,11/13 mərtəbə
224 000,Görədil q.,6 otaqlı,210 m²,,
680 000,Badamdar q.,6 otaqlı,520 m²,,
158 000,Həzi Aslanov m.,65 m²,,Agentlik,
259 000,Nəriman Nərimanov m.,2 otaqlı,80 m²,Agentlik,17/20 mərtəbə
185 000,Sahil m.,4 otaqlı,74 m²,,1/2 mərtəbə
773 000,28 May m.,4 otaqlı,209 m²,Agentlik,6/18 mərtəbə
216 000,Nardaran q.,12 sot,,Agentlik,
390 000,28 May m.,3 otaqlı,100 m²,Agentlik,12/18 mərtəbə
239 000,Xalqlar Dostluğu m.,3 otaqlı,100 m²,Agentlik,7/19 mərtəbə
202 000,Nardaran q.,12 sot,,Agentlik,
189 000,Neftçilər m.,2 otaqlı,95 m²,Agentlik,15/17 mərtəbə
259 000,Nardaran q.,5 otaqlı,190 m²,Agentlik,
105 000,Binə q.,2 otaqlı,65 m²,,3/5 mərtəbə
700 000,Nərimanov r.,4 otaqlı,165 m²,Agentlik,3/17 mərtəbə
450 000,28 May m.,42 m²,,Agentlik,
156 000,Nardaran q.,12 sot,,Agentlik,
345 000,Gənclik m.,3 otaqlı,110 m²,Agentlik,2/18 mərtəbə
65 800,Masazır q.,1 otaqlı,47 m²,,9/16 mərtəbə
170 000,Həzi Aslanov m.,40 m²,,Agentlik,
156 000,Həzi Aslanov m.,3 otaqlı,75 m²,Agentlik,1/5 mərtəbə
66 000,Xətai r.,2 otaqlı,100 m²,,
280 000,Yasamal r.,3 otaqlı,97 m²,,13/16 mərtəbə
636 318,Ağ şəhər q.,2 otaqlı,100.8 m²,Kompleks,7/7 mərtəbə
747 982,Ağ şəhər q.,3 otaqlı,113.5 m²,Kompleks,8/8 mərtəbə
678 888,Ağ şəhər q.,3 otaqlı,104 m²,Kompleks,8/8 mərtəbə
635 130,Ağ şəhər q.,3 otaqlı,91.2 m²,Kompleks,8/8 mərtəbə
204 986,Nardaran q.,1 otaqlı,51.5 m²,Kompleks,14/14 mərtəbə
165 000,Nardaran q.,22 sot,,Agentlik,
283 081,Nardaran q.,2 otaqlı,57.4 m²,Kompleks,11/12 mərtəbə
345 000,Həzi Aslanov m.,3 otaqlı,105 m²,Agentlik,9/15 mərtəbə
387 000,Nərimanov r.,3 otaqlı,100 m²,,14/20 mərtəbə
251 000,20 Yanvar m.,3 otaqlı,150 m²,Agentlik,18/20 mərtəbə
184 000,Biləcəri q.,2 otaqlı,70 m²,Agentlik,7/14 mərtəbə
255 000,Elmlər Akademiyası m.,2 otaqlı,95 m²,Agentlik,17/17 mərtəbə
135 000,Biləcəri q.,2 otaqlı,40 m²,Agentlik,1/17 mərtəbə
107 000,Memar Əcəmi m.,1 otaqlı,45 m²,Agentlik,1/5 mərtəbə
620 000,28 May m.,4 otaqlı,200 m²,Agentlik,5/18 mərtəbə
282 000,Nərimanov r.,4 otaqlı,120 m²,Agentlik,6/9 mərtəbə
345 000,Nizami m.,3 otaqlı,129 m²,Agentlik,13/18 mərtəbə
480 000,Sulutəpə q.,6 otaqlı,300 m²,,
265 000,Buzovna q.,60 m²,,Agentlik,
200 000,Qəbələ,3 otaqlı,105 m²,,
263 000,Azadlıq Prospekti m.,2 otaqlı,85 m²,,7/14 mərtəbə
360 000,28 May m.,3 otaqlı,100 m²,,5/16 mərtəbə
175 000,Həzi Aslanov m.,2 otaqlı,55 m²,Agentlik,3/15 mərtəbə
1 050 000,Bilgəh q.,5 otaqlı,240 m²,Agentlik,
600 000,Bilgəh q.,7 otaqlı,300 m²,Agentlik,
172 000,Gənclik m.,3 otaqlı,55 m²,Agentlik,3/4 mərtəbə
2 500 000,Ağ şəhər q.,218 m²,,Agentlik,
154 000,İçəri Şəhər m.,3 otaqlı,70 m²,Agentlik,1/3 mərtəbə
121 000,Əhmədli m.,1 otaqlı,45 m²,Agentlik,5/9 mərtəbə
223 000,Neftçilər m.,3 otaqlı,70 m²,,4/9 mərtəbə
205 000,28 May m.,3 otaqlı,95 m²,,3/5 mərtəbə
170 000,Xırdalan,2 otaqlı,98 m²,Agentlik,9/12 mərtəbə
239 000,Nəriman Nərimanov m.,3 otaqlı,70 m²,Agentlik,4/5 mərtəbə
2 000 000,Mərdəkan q.,6 otaqlı,525 m²,Agentlik,
335 000,8 Noyabr m.,3 otaqlı,142 m²,Agentlik,13/17 mərtəbə
115 000,28 May m.,2 otaqlı,44 m²,Agentlik,4/4 mərtəbə
270 000,Albalılıq q.,5 otaqlı,200 m²,,
149 500,Şah İsmayıl Xətai m.,1 otaqlı,35 m²,Agentlik,4/4 mərtəbə
284 000,Azadlıq Prospekti m.,3 otaqlı,108 m²,,14/16 mərtəbə
400 000,Şah İsmayıl Xətai m.,4 otaqlı,157 m²,Agentlik,6/21 mərtəbə
92 500,Sahil m.,1 otaqlı,22 m²,Agentlik,2/2 mərtəbə
255 000,Şah İsmayıl Xətai m.,2 otaqlı,60 m²,Agentlik,14/18 mərtəbə
12 000,Xudat,8 sot,,,
2 387 500,Ağ şəhər q.,191 m²,,Agentlik,
450 000,Elmlər Akademiyası m.,4 otaqlı,212 m²,Agentlik,5/12 mərtəbə
638 000,Nizami m.,3 otaqlı,165 m²,Agentlik,17/24 mərtəbə
135 000,Sea Breeze q.,1 otaqlı,33 m²,Agentlik,2/28 mərtəbə
325 000,Nəriman Nərimanov m.,4 otaqlı,130.7 m²,,1/4 mərtəbə
210 000,Nardaran q.,1 otaqlı,58 m²,Agentlik,7/7 mərtəbə
205 000,Sea Breeze q.,1 otaqlı,53 m²,,1/5 mərtəbə
248 000,Həzi Aslanov m.,3 otaqlı,110 m²,Agentlik,11/16 mərtəbə
265 000,Şah İsmayıl Xətai m.,1 otaqlı,68 m²,Agentlik,4/20 mərtəbə
231 000,Mərdəkan q.,6 sot,,Agentlik,
152 000,Zığ q.,3 otaqlı,120 m²,Agentlik,10/11 mərtəbə
165 000,Nəriman Nərimanov m.,2 otaqlı,45 m²,Agentlik,4/5 mərtəbə
850 000,8 Noyabr m.,4 otaqlı,300 m²,Agentlik,15/16 mərtəbə
287 000,Bayıl q.,4 otaqlı,120.3 m²,,9/9 mərtəbə
320 000,Şah İsmayıl Xətai m.,3 otaqlı,127.2 m²,Agentlik,3/13 mərtəbə
510 000,Nəsimi r.,3 otaqlı,130 m²,,3/5 mərtəbə
117 000,Xalqlar Dostluğu m.,1 otaqlı,35 m²,,3/5 mərtəbə
495 000,Nəriman Nərimanov m.,2 otaqlı,100 m²,,8/15 mərtəbə
185 000,Həzi Aslanov m.,3 otaqlı,75 m²,Agentlik,4/9 mərtəbə
375 000,Sea Breeze q.,2 otaqlı,100 m²,,7/7 mərtəbə
6 500 000,Nərimanov r.,1800 m²,,,
240 000,Memar Əcəmi m.,37 m²,,,
5 200 000,Nərimanov r.,650 m²,,,
465 000,Şah İsmayıl Xətai m.,4 otaqlı,171 m²,Agentlik,5/17 mərtəbə
495 000,Nəriman Nərimanov m.,2 otaqlı,100 m²,,8/15 mərtəbə
538 866,Nardaran q.,1 otaqlı,58.7 m²,Kompleks,7/13 mərtəbə
239 000,28 May m.,2 otaqlı,83 m²,Agentlik,6/15 mərtəbə
310 000,28 May m.,2 otaqlı,92 m²,Agentlik,7/17 mərtəbə
255 000,Xalqlar Dostluğu m.,4 otaqlı,105 m²,Agentlik,2/9 mərtəbə
184 000,Yeni Günəşli q.,3 otaqlı,80 m²,Agentlik,5/14 mərtəbə
205 000,Həzi Aslanov m.,2 otaqlı,85 m²,Agentlik,14/17 mərtəbə
100 000,Qəbələ,3 otaqlı,90 m²,,
899 000,Bilgəh q.,6 otaqlı,305 m²,Kompleks,
400 000,Şağan q.,4 otaqlı,156 m²,Agentlik,
135 000,Yeni Günəşli q.,3 otaqlı,70 m²,Agentlik,14/15 mərtəbə
1 150 000,Bilgəh q.,6 otaqlı,420 m²,Kompleks,
1 190 000,Bilgəh q.,6 otaqlı,435 m²,Kompleks,
378 000,Həzi Aslanov m.,4 otaqlı,146 m²,Agentlik,5/19 mərtəbə
253 000,Həzi Aslanov m.,3 otaqlı,108 m²,Agentlik,15/17 mərtəbə
1 500 000,Bilgəh q.,6 otaqlı,460 m²,Kompleks,
240 000,Həzi Aslanov m.,2 otaqlı,79 m²,Agentlik,15/18 mərtəbə
295 000,Qara Qarayev m.,2 otaqlı,106 m²,,6/17 mərtəbə
167 000,20 Yanvar m.,2 otaqlı,50 m²,,5/20 mərtəbə
74 000,Xırdalan,3 otaqlı,75 m²,,
157 000,İnşaatçılar m.,2 otaqlı,60 m²,Agentlik,5/5 mərtəbə
795 000,Ağ şəhər q.,4 otaqlı,185 m²,Agentlik,18/20 mərtəbə
880 000,Sahil q.,12 otaqlı,500 m²,,
195 000,Mərdəkan q.,3 otaqlı,95 m²,Agentlik,5/5 mərtəbə
170 000,Həzi Aslanov m.,2 otaqlı,70 m²,Agentlik,8/20 mərtəbə
375 000,Nizami m.,3 otaqlı,120 m²,Agentlik,8/20 mərtəbə
195 000,Həzi Aslanov m.,3 otaqlı,81 m²,Agentlik,12/17 mərtəbə
520 000,Mərdəkan q.,5 otaqlı,250 m²,Agentlik,
672 000,Mərdəkan q.,24 sot,,Agentlik,
1 500 000,Nizami m.,5 otaqlı,280 m²,,10/12 mərtəbə
278 000,Nəsimi r.,2 otaqlı,68 m²,Agentlik,9/14 mərtəbə
195 000,Azadlıq Prospekti m.,2 otaqlı,65.5 m²,,7/18 mərtəbə
325 000,Nəsimi r.,3 otaqlı,79 m²,Agentlik,9/14 mərtəbə
360 000,Elmlər Akademiyası m.,4 otaqlı,110 m²,,4/5 mərtəbə
170 000,Fatmayı q.,7 otaqlı,193 m²,,
291 117,Nardaran q.,2 otaqlı,59.1 m²,Kompleks,11/12 mərtəbə
160 000,Novxanı q.,4 otaqlı,280 m²,,
184 000,Yeni Yasamal q.,2 otaqlı,105 m²,Agentlik,11/12 mərtəbə
880 000,Həzi Aslanov q.,779 m²,,,
119 000,Novxanı q.,12 sot,,,
245 000,Mərdəkan q.,4 otaqlı,145 m²,Agentlik,
300 000,Nardaran q.,3 otaqlı,117 m²,Agentlik,1/6 mərtəbə
950 000,Nardaran q.,4 otaqlı,210 m²,Agentlik,7/7 mərtəbə
315 000,Nəsimi r.,2 otaqlı,97 m²,,8/18 mərtəbə
213 000,İnşaatçılar m.,3 otaqlı,106 m²,Agentlik,7/21 mərtəbə
290 000,28 May m.,3 otaqlı,144 m²,,5/18 mərtəbə
14 700,Xaçmaz,6 sot,,,
517 000,Elmlər Akademiyası m.,4 otaqlı,165 m²,,9/17 mərtəbə
146 500,Həzi Aslanov m.,2 otaqlı,65 m²,Agentlik,9/9 mərtəbə
230 000,Neftçilər m.,3 otaqlı,90 m²,Agentlik,4/9 mərtəbə
182 000,Əhmədli m.,3 otaqlı,80 m²,,5/9 mərtəbə
363 080,Nardaran q.,2 otaqlı,89 m²,Kompleks,7/7 mərtəbə
216 000,Bakıxanov q.,4 otaqlı,135 m²,Agentlik,11/20 mərtəbə
890 000,Ağ şəhər q.,3 otaqlı,127 m²,Agentlik,4/7 mərtəbə
296 000,Nəsimi r.,2 otaqlı,99 m²,Agentlik,5/16 mərtəbə
327 000,Yasamal q.,4 otaqlı,125 m²,Agentlik,3/12 mərtəbə
180 000,Həzi Aslanov m.,3 otaqlı,90 m²,Agentlik,6/9 mərtəbə
228 000,Yasamal r.,3 otaqlı,128 m²,Agentlik,13/16 mərtəbə
439 600,Nəriman Nərimanov m.,3 otaqlı,157 m²,Agentlik,10/17 mərtəbə
426 400,Ağ şəhər q.,2 otaqlı,82 m²,Agentlik,11/20 mərtəbə
123 000,Novxanı q.,4 otaqlı,130 m²,Agentlik,
208 000,Elmlər Akademiyası m.,2 otaqlı,52 m²,,5/5 mərtəbə
170 000,Qara Qarayev m.,1 otaqlı,62 m²,Agentlik,12/13 mərtəbə
215 000,Bakıxanov q.,4 otaqlı,140 m²,Agentlik,11/17 mərtəbə
175 000,Şüvəlan q.,10 sot,,Agentlik,
530 000,Nizami m.,3 otaqlı,153 m²,Agentlik,17/18 mərtəbə
433 000,8 Noyabr m.,4 otaqlı,160 m²,Agentlik,5/14 mərtəbə
210 000,Qara Qarayev m.,2 otaqlı,82.1 m²,Agentlik,11/13 mərtəbə
117 000,Türkan q.,3 otaqlı,150 m²,,
180 000,Elmlər Akademiyası m.,2 otaqlı,50 m²,Agentlik,2/5 mərtəbə
119 800,Masazır q.,2 otaqlı,70 m²,,4/11 mərtəbə
28 500,Xocəsən q.,4 sot,,,
205 000,Əhmədli m.,2 otaqlı,85 m²,Agentlik,14/17 mərtəbə
160 000,Sumqayıt,4 otaqlı,280 m²,Agentlik,
225 000,Elmlər Akademiyası m.,3 otaqlı,70 m²,Agentlik,4/5 mərtəbə
215 000,Həzi Aslanov m.,4 otaqlı,110 m²,,4/5 mərtəbə
150 000,Əhmədli m.,3 otaqlı,70 m²,Agentlik,1/9 mərtəbə
245 000,Həzi Aslanov m.,3 otaqlı,110 m²,Agentlik,11/19 mərtəbə
240 000,Həzi Aslanov m.,2 otaqlı,85 m²,,7/17 mərtəbə
1 300 000,Şüvəlan q.,5 otaqlı,400 m²,,
189 000,Azadlıq Prospekti m.,2 otaqlı,70 m²,,8/9 mərtəbə
644 000,Mərdəkan q.,30 sot,,,
463 000,Nizami m.,3 otaqlı,147 m²,Agentlik,9/15 mərtəbə
192 848,Nardaran q.,1 otaqlı,43.5 m²,Kompleks,7/8 mərtəbə
185 000,Xətai r.,4 otaqlı,75 m²,Agentlik,8/9 mərtəbə
178 000,İnşaatçılar m.,3 otaqlı,75 m²,,3/5 mərtəbə
289 000,Həzi Aslanov m.,3 otaqlı,90 m²,Agentlik,11/15 mərtəbə
5 500 000,Nərimanov r.,1822.3 m²,,Agentlik,
23 000,Şəki,22 sot,,,
93 800,Şüvəlan q.,3.5 sot,,Agentlik,
270 000,Elmlər Akademiyası m.,2 otaqlı,65 m²,Agentlik,12/22 mərtəbə
445 000,Buzovna q.,5 otaqlı,220 m²,,
250 000,Əhmədli m.,3 otaqlı,100 m²,Agentlik,9/16 mərtəbə
117 000,Memar Əcəmi m.,2 otaqlı,40 m²,,5/5 mərtəbə
480 000,Elmlər Akademiyası m.,4 otaqlı,171 m²,Agentlik,5/12 mərtəbə
238 000,Həzi Aslanov m.,2 otaqlı,84 m²,,6/17 mərtəbə
230 000,Nəsimi m.,3 otaqlı,85 m²,Agentlik,2/9 mərtəbə
26 000,Novxanı q.,2 sot,,,
337 000,Səbail r.,3 otaqlı,129 m²,Agentlik,3/16 mərtəbə
34 500,Xırdalan,2 otaqlı,48 m²,,
30 000,Novxanı q.,3 sot,,,
63 000,Xırdalan,3 otaqlı,100 m²,,
273 000,28 May m.,2 otaqlı,67 m²,Agentlik,3/17 mərtəbə
250 000,Elmlər Akademiyası m.,3 otaqlı,100 m²,Agentlik,2/5 mərtəbə
79 000,Xırdalan,2 otaqlı,79 m²,,4/11 mərtəbə
323 825,Nardaran q.,2 otaqlı,74.7 m²,Kompleks,2/9 mərtəbə
470 000,Görədil q.,6 otaqlı,300 m²,,
178 000,Həzi Aslanov m.,2 otaqlı,55 m²,Agentlik,3/15 mərtəbə
28 500,Novxanı q.,3 sot,,,
127 000,Xırdalan,3 otaqlı,67 m²,,1/16 mərtəbə
39 000,Novxanı q.,3 sot,,,
1 500 000,Nizami m.,5 otaqlı,280 m²,,10/12 mərtəbə
239 000,Badamdar q.,3 otaqlı,98 m²,Agentlik,5/16 mərtəbə
130 000,Nəriman Nərimanov m.,1 otaqlı,31 m²,Agentlik,4/5 mərtəbə
205 000,Xətai r.,3 otaqlı,92 m²,Agentlik,7/16 mərtəbə
450 000,Novxanı q.,5 otaqlı,600 m²,,
395 000,28 May m.,3 otaqlı,110 m²,Agentlik,11/17 mərtəbə
20 000,Novxanı q.,2 sot,,,
158 000,İnşaatçılar m.,2 otaqlı,65 m²,Agentlik,8/12 mərtəbə
258 000,28 May m.,2 otaqlı,90 m²,Agentlik,11/16 mərtəbə
650 000,Novxanı q.,5 otaqlı,300 m²,,
405 000,28 May m.,3 otaqlı,121.3 m²,Agentlik,9/17 mərtəbə
185 000,Fatmayı q.,6 otaqlı,300 m²,,
850 000,Novxanı q.,6 otaqlı,400 m²,,
149 500,Azadlıq Prospekti m.,2 otaqlı,50 m²,,7/17 mərtəbə
110 000,Sumqayıt,4 otaqlı,200 m²,,
530 000,28 May m.,4 otaqlı,190 m²,Agentlik,5/16 mərtəbə
289 000,Həzi Aslanov m.,3 otaqlı,91 m²,Agentlik,11/15 mərtəbə
322 000,Nəsimi r.,2 otaqlı,80 m²,Agentlik,8/16 mərtəbə
163 000,Biləcəri q.,5 otaqlı,220 m²,,
580 000,Şağan q.,6 otaqlı,375.6 m²,,
420 000,Nəsimi r.,3 otaqlı,170 m²,Agentlik,11/16 mərtəbə
255 000,Gənclik m.,3 otaqlı,80 m²,Agentlik,2/9 mərtəbə
2 800 000,Xırdalan,3016.1 m²,,Agentlik,
455 000,Gənclik m.,3 otaqlı,120 m²,Agentlik,14/17 mərtəbə
980 000,Bayıl q.,3 otaqlı,175 m²,Agentlik,13/18 mərtəbə
258 000,28 May m.,2 otaqlı,78 m²,Agentlik,14/17 mərtəbə
560 320,Nardaran q.,2 otaqlı,82.4 m²,Kompleks,2/13 mərtəbə
92 000,Binə q.,3 otaqlı,110 m²,,
187 000,Gənclik m.,2 otaqlı,48 m²,Agentlik,3/9 mərtəbə
141 000,Novxanı q.,4 otaqlı,200 m²,Agentlik,
165 000,Nəriman Nərimanov m.,2 otaqlı,45 m²,Agentlik,7/9 mərtəbə
147 000,Nəsimi m.,2 otaqlı,65 m²,Agentlik,9/9 mərtəbə
330 000,İçəri Şəhər m.,2 otaqlı,128 m²,Agentlik,4/5 mərtəbə
249 000,Həzi Aslanov m.,4 otaqlı,80 m²,,3/14 mərtəbə
233 000,Nizami m.,3 otaqlı,80 m²,,10/20 mərtəbə
166 000,28 May m.,2 otaqlı,60 m²,Agentlik,2/2 mərtəbə
200 000,Həzi Aslanov m.,3 otaqlı,82 m²,Agentlik,2/17 mərtəbə
360 000,Nərimanov r.,3 otaqlı,120 m²,Agentlik,6/12 mərtəbə
258 900,Elmlər Akademiyası m.,3 otaqlı,111 m²,Agentlik,3/5 mərtəbə
140 000,Sahil m.,2 otaqlı,45 m²,Agentlik,1/3 mərtəbə
240 000,Həzi Aslanov m.,2 otaqlı,85 m²,Agentlik,8/16 mərtəbə
265 000,Memar Əcəmi m.,80 m²,,,
134 000,Memar Əcəmi m.,2 otaqlı,48 m²,Agentlik,1/5 mərtəbə
330 000,Xətai r.,3 otaqlı,110 m²,Agentlik,12/13 mərtəbə
390 000,Bayıl q.,7 otaqlı,230 m²,Agentlik,5/6 mərtəbə
257 000,Həzi Aslanov m.,3 otaqlı,122 m²,Agentlik,5/17 mərtəbə
490 000,Nərimanov r.,3 otaqlı,129 m²,Agentlik,12/15 mərtəbə
145 000,Sea Breeze q.,1 otaqlı,32 m²,Agentlik,3/28 mərtəbə
194 000,Yeni Yasamal q.,3 otaqlı,97 m²,Agentlik,5/16 mərtəbə
720 000,Nəriman Nərimanov m.,6 otaqlı,235 m²,,
255 000,Şah İsmayıl Xətai m.,2 otaqlı,60 m²,Agentlik,14/19 mərtəbə
210 000,Nəsimi m.,3 otaqlı,80 m²,Agentlik,16/16 mərtəbə
250 000,Nəriman Nərimanov m.,3 otaqlı,100 m²,Agentlik,2/5 mərtəbə
300 000,Nəsimi m.,3 otaqlı,136 m²,Agentlik,9/16 mərtəbə
310 000,Sea Breeze q.,1 otaqlı,75 m²,,4/4 mərtəbə
330 000,Nəsimi r.,2 otaqlı,64 m²,Agentlik,8/17 mərtəbə
380 000,Mərdəkan q.,4 otaqlı,140 m²,Agentlik,
624 000,Ağ şəhər q.,3 otaqlı,147 m²,Agentlik,3/8 mərtəbə
447 150,Gənclik m.,3 otaqlı,135.5 m²,Agentlik,7/16 mərtəbə
205 000,Memar Əcəmi m.,3 otaqlı,80 m²,Agentlik,2/17 mərtəbə
164 000,Neftçilər m.,2 otaqlı,78 m²,Agentlik,4/17 mərtəbə
549 000,Sahil m.,3 otaqlı,150 m²,Agentlik,7/12 mərtəbə
165 000,Mərdəkan q.,5 sot,,Agentlik,
188 500,İnşaatçılar m.,3 otaqlı,70 m²,Agentlik,4/9 mərtəbə
178 000,Səbail r.,3 otaqlı,83 m²,Agentlik,1/6 mərtəbə
240 000,Nərimanov r.,3 otaqlı,100 m²,Agentlik,5/5 mərtəbə
335 000,Dərnəgül m.,3 otaqlı,105 m²,,9/11 mərtəbə
99 900,Məmmədli q.,2 otaqlı,74 m²,Kompleks,8/11 mərtəbə
150 000,Xətai r.,4 otaqlı,145 m²,Agentlik,
125 000,Xırdalan,2 otaqlı,55 m²,Agentlik,8/14 mərtəbə
167 000,Masazır q.,5 otaqlı,200 m²,Agentlik,
127 000,Sea Breeze q.,1 otaqlı,57 m²,,8/9 mərtəbə
400 000,8 Noyabr m.,3 otaqlı,148 m²,Agentlik,25/27 mərtəbə
308 618,Nardaran q.,2 otaqlı,62.6 m²,Kompleks,9/9 mərtəbə
160 000,Həzi Aslanov m.,2 otaqlı,55 m²,Agentlik,2/9 mərtəbə
295 200,Nizami m.,2 otaqlı,72 m²,,9/16 mərtəbə
1 416 000,Bayıl q.,4 otaqlı,236 m²,Agentlik,11/16 mərtəbə
215 000,Qara Qarayev m.,5 otaqlı,158 m²,,
140 000,Şüvəlan q.,4 otaqlı,150 m²,Agentlik,
285 000,Nizami m.,2 otaqlı,64 m²,Agentlik,8/16 mərtəbə
540 000,28 May m.,3 otaqlı,132.2 m²,,9/16 mərtəbə
500 000,Novxanı q.,19 otaqlı,700 m²,,
270 000,Əhmədli q.,2 otaqlı,88 m²,Agentlik,4/20 mərtəbə
185 000,Mərdəkan q.,3 otaqlı,110 m²,Agentlik,
135 000,Şüvəlan q.,3 otaqlı,90 m²,Agentlik,
399 000,8 Noyabr m.,3 otaqlı,140 m²,Agentlik,6/18 mərtəbə
255 000,Əhmədli q.,3 otaqlı,97 m²,Agentlik,11/20 mərtəbə
170 000,İnşaatçılar m.,2 otaqlı,50 m²,Agentlik,4/5 mərtəbə
480 000,Şüvəlan q.,18 sot,,Agentlik,
1 250 000,Buzovna q.,7 otaqlı,600 m²,Agentlik,
250 000,Şüvəlan q.,4 otaqlı,140 m²,Agentlik,
235 000,Şüvəlan q.,4 otaqlı,160 m²,Agentlik,
99 100,Bakıxanov q.,2 otaqlı,45 m²,Agentlik,12/14 mərtəbə
409 500,Koroğlu m.,3 otaqlı,146.4 m²,,13/16 mərtəbə
270 000,Şüvəlan q.,4 otaqlı,150 m²,Agentlik,
350 000,Şah İsmayıl Xətai m.,3 otaqlı,130 m²,Agentlik,4/20 mərtəbə
230 000,28 May m.,2 otaqlı,54 m²,Agentlik,7/16 mərtəbə
167 000,20 Yanvar m.,2 otaqlı,50 m²,Agentlik,9/20 mərtəbə
167 900,İnşaatçılar m.,3 otaqlı,75 m²,Agentlik,5/5 mərtəbə
290 000,Bayıl q.,2 otaqlı,101 m²,Agentlik,12/17 mərtəbə
90 000,Novxanı q.,6 sot,,,
75 000,Şüvəlan q.,4.5 sot,,Agentlik,
185 000,Memar Əcəmi m.,2 otaqlı,65 m²,,3/9 mərtəbə
177 000,Şüvəlan q.,4 otaqlı,120 m²,Agentlik,
245 000,Novxanı q.,6 otaqlı,370 m²,,
65 000,Sabunçu q.,3 otaqlı,90 m²,,
129 000,Neftçilər m.,2 otaqlı,40 m²,Agentlik,4/5 mərtəbə
543 000,Nəriman Nərimanov m.,4 otaqlı,147 m²,Agentlik,4/15 mərtəbə
590 000,Elmlər Akademiyası m.,4 otaqlı,220 m²,Agentlik,5/19 mərtəbə
148 000,20 Yanvar m.,2 otaqlı,48 m²,Agentlik,3/5 mərtəbə
190 000,Masazır q.,9 otaqlı,215 m²,,
320 000,Badamdar q.,3 otaqlı,136 m²,Agentlik,3/14 mərtəbə
192 900,8-ci mikrorayon q.,2 otaqlı,65 m²,Agentlik,7/19 mərtəbə
150 000,Nardaran q.,19 sot,,,
188 000,Elmlər Akademiyası m.,2 otaqlı,42 m²,Agentlik,4/5 mərtəbə
70 000,Müşfiqabad q.,2 otaqlı,50 m²,,1/9 mərtəbə
1 035 994,Nardaran q.,5 otaqlı,216.4 m²,Kompleks,
247 000,Novxanı q.,4 otaqlı,165 m²,,
150 000,Həzi Aslanov m.,3 otaqlı,90 m²,Agentlik,10/10 mərtəbə
319 405,Nardaran q.,2 otaqlı,70.9 m²,Kompleks,3/9 mərtəbə
193 000,20 Yanvar m.,2 otaqlı,60 m²,Agentlik,5/17 mərtəbə
183 000,20 Yanvar m.,2 otaqlı,50 m²,Agentlik,5/20 mərtəbə
113 000,NZS q.,3 otaqlı,65 m²,Agentlik,1/2 mərtəbə
135 000,Əhmədli m.,3 otaqlı,72 m²,Agentlik,12/16 mərtəbə
178 000,20 Yanvar m.,2 otaqlı,50 m²,Agentlik,12/20 mərtəbə
245 000,Həzi Aslanov m.,3 otaqlı,115 m²,Agentlik,11/19 mərtəbə
260 000,20 Yanvar m.,3 otaqlı,125 m²,Agentlik,3/18 mərtəbə
155 000,İçəri Şəhər m.,3 otaqlı,51 m²,,
260 000,Qaraçuxur q.,7 otaqlı,175 m²,Agentlik,
170 000,20 Yanvar m.,2 otaqlı,50 m²,Agentlik,10/20 mərtəbə
300 000,20 Yanvar m.,3 otaqlı,100 m²,Agentlik,4/20 mərtəbə
380 000,Həzi Aslanov m.,68 m²,,,
184 000,Həzi Aslanov m.,2 otaqlı,55 m²,Agentlik,13/15 mərtəbə
299 000,20 Yanvar m.,3 otaqlı,100 m²,Agentlik,15/20 mərtəbə
181 000,İnşaatçılar m.,2 otaqlı,63 m²,,2/12 mərtəbə
1 400 000,Elmlər Akademiyası m.,200 m²,,,
290 000,İnşaatçılar m.,3 otaqlı,115 m²,Agentlik,9/16 mərtəbə
111 500,Hövsan q.,2 otaqlı,58 m²,,4/7 mərtəbə
180 000,20 Yanvar m.,2 otaqlı,50 m²,Agentlik,5/14 mərtəbə
442 000,Sea Breeze q.,3 otaqlı,138 m²,Agentlik,
148 000,28 May m.,1 otaqlı,31 m²,Agentlik,16/20 mərtəbə
295 000,20 Yanvar m.,3 otaqlı,130 m²,Agentlik,9/10 mərtəbə
147 000,Xırdalan,4 otaqlı,108 m²,,3/5 mərtəbə
125 000,Biləcəri q.,3 otaqlı,100 m²,,
650 000,Nəsimi r.,3 otaqlı,200 m²,Agentlik,20/22 mərtəbə
195 000,Ağ şəhər q.,3 otaqlı,70 m²,,2/4 mərtəbə
333 870,Azadlıq Prospekti m.,3 otaqlı,107.7 m²,Kompleks,5/13 mərtəbə
299 000,Badamdar q.,3 otaqlı,110 m²,Agentlik,18/19 mərtəbə
245 000,Əhmədli m.,2 otaqlı,87 m²,Agentlik,13/17 mərtəbə
185 000,Elmlər Akademiyası m.,2 otaqlı,56 m²,,15/18 mərtəbə
250 000,Sahil m.,3 otaqlı,90 m²,Agentlik,9/9 mərtəbə
455 000,Gənclik m.,3 otaqlı,120 m²,Agentlik,8/16 mərtəbə
138 000,Biləcəri q.,3 otaqlı,65 m²,,2/5 mərtəbə
157 000,Əhmədli m.,3 otaqlı,80 m²,,2/9 mərtəbə
220 000,Əhmədli m.,3 otaqlı,95 m²,Agentlik,8/18 mərtəbə
136 000,Hövsan q.,3 otaqlı,76 m²,,11/12 mərtəbə
60 000,Pirşağı q.,2.5 sot,,Agentlik,
255 000,20 Yanvar m.,2 otaqlı,86 m²,,6/16 mərtəbə
80 000,Badamdar q.,2 otaqlı,53 m²,,3/5 mərtəbə
215 000,İnşaatçılar m.,3 otaqlı,80 m²,Agentlik,4/5 mərtəbə
292 500,Koroğlu m.,3 otaqlı,117 m²,,10/20 mərtəbə
299 000,Səbail r.,3 otaqlı,110 m²,Agentlik,18/19 mərtəbə
335 000,Nərimanov r.,3 otaqlı,100 m²,,5/8 mərtəbə
245 000,20 Yanvar m.,3 otaqlı,105 m²,Agentlik,3/18 mərtəbə
225 000,Nardaran q.,2 otaqlı,57 m²,Agentlik,1/7 mərtəbə
460 000,Nəriman Nərimanov m.,4 otaqlı,117 m²,Agentlik,14/16 mərtəbə
188 900,Həzi Aslanov q.,4 otaqlı,110 m²,,4/9 mərtəbə
180 901,Nardaran q.,1 otaqlı,41.7 m²,Kompleks,1/13 mərtəbə
290 000,20 Yanvar m.,3 otaqlı,103 m²,Agentlik,4/18 mərtəbə
100 000,Aşağı Güzdək q.,3 otaqlı,80 m²,,7/10 mərtəbə
230 000,20 Yanvar m.,2 otaqlı,77 m²,Agentlik,14/22 mərtəbə
301 682,Sea Breeze q.,2 otaqlı,93.4 m²,Kompleks,12/16 mərtəbə
410 000,Azadlıq Prospekti m.,6 otaqlı,550 m²,,
91 200,Elmlər Akademiyası m.,1 otaqlı,34 m²,Agentlik,2/4 mərtəbə
295 000,20 Yanvar m.,3 otaqlı,95 m²,Agentlik,13/17 mərtəbə
195 000,Xətai r.,3 otaqlı,75 m²,,6/9 mərtəbə
249 000,Həzi Aslanov m.,4 otaqlı,105 m²,Agentlik,10/17 mərtəbə
210 000,20 Yanvar m.,3 otaqlı,80 m²,Agentlik,19/20 mərtəbə
350 000,İnşaatçılar m.,3 otaqlı,160 m²,Agentlik,16/17 mərtəbə
168 000,Nardaran q.,1 otaqlı,57.8 m²,,7/9 mərtəbə
192 000,Hövsan q.,12 sot,,,
210 000,Günəşli q.,5 otaqlı,220 m²,Agentlik,
236 000,Elmlər Akademiyası m.,3 otaqlı,80 m²,,2/5 mərtəbə
352 400,20 Yanvar m.,3 otaqlı,106.8 m²,Kompleks,14/20 mərtəbə
339 624,20 Yanvar m.,3 otaqlı,106.8 m²,Kompleks,3/20 mərtəbə
240 697,20 Yanvar m.,3 otaqlı,76.9 m²,Kompleks,19/20 mərtəbə
331 200,20 Yanvar m.,3 otaqlı,110.4 m²,Kompleks,1/20 mərtəbə
233 400,20 Yanvar m.,2 otaqlı,77.8 m²,Kompleks,20/20 mərtəbə
404 550,Nəsimi r.,3 otaqlı,130.5 m²,Agentlik,3/14 mərtəbə
300 000,20 Yanvar m.,3 otaqlı,95 m²,Agentlik,17/18 mərtəbə
1 128 215,Elmlər Akademiyası m.,4 otaqlı,205.13 m²,Kompleks,15/18 mərtəbə
95 000,Maştağa q.,5 otaqlı,140 m²,,
10 500,Qax,7500 sot,,,
275 000,Xalqlar Dostluğu m.,3 otaqlı,100 m²,Agentlik,15/16 mərtəbə
350 000,İnşaatçılar m.,3 otaqlı,110 m²,Agentlik,20/23 mərtəbə
720 000,Elmlər Akademiyası m.,5 otaqlı,290 m²,Agentlik,12/17 mərtəbə
276 000,20 Yanvar m.,3 otaqlı,80 m²,Agentlik,5/20 mərtəbə
177 000,Azadlıq Prospekti m.,2 otaqlı,65 m²,,8/9 mərtəbə
380 000,8 Noyabr m.,3 otaqlı,126 m²,,11/18 mərtəbə
295 000,Nərimanov r.,2 otaqlı,65 m²,Agentlik,8/16 mərtəbə
225 000,Həzi Aslanov m.,3 otaqlı,87.5 m²,,12/17 mərtəbə
365 000,Gənclik m.,2 otaqlı,80 m²,,2/11 mərtəbə
255 000,8-ci mikrorayon q.,5 otaqlı,120 m²,,1/9 mərtəbə
223 000,Həzi Aslanov m.,3 otaqlı,85 m²,Agentlik,15/17 mərtəbə
812 900,Elmlər Akademiyası m.,4 otaqlı,147.8 m²,Kompleks,16/18 mərtəbə
1 800 000,Bakıxanov q.,12 sot,,,
148 000,20 Yanvar m.,2 otaqlı,45 m²,Agentlik,3/5 mərtəbə
83 000,Azadlıq Prospekti m.,2 otaqlı,42.5 m²,,3/5 mərtəbə
338 000,Koroğlu m.,3 otaqlı,126.7 m²,,11/17 mərtəbə
395 000,8 Noyabr m.,3 otaqlı,146 m²,,6/16 mərtəbə
270 000,Həzi Aslanov m.,3 otaqlı,114 m²,Agentlik,11/17 mərtəbə
190 000,Nəriman Nərimanov m.,2 otaqlı,65 m²,,4/5 mərtəbə
63 000,Binə q.,3 otaqlı,110 m²,,
179 000,Həzi Aslanov m.,2 otaqlı,55 m²,Agentlik,14/15 mərtəbə
259 000,Qara Qarayev m.,3 otaqlı,100 m²,Agentlik,7/13 mərtəbə
130 000,Memar Əcəmi m.,2 otaqlı,55 m²,Agentlik,5/5 mərtəbə
185 000,28 May m.,2 otaqlı,60 m²,,3/3 mərtəbə
425 000,Həzi Aslanov m.,140 m²,,Agentlik,
139 000,İnşaatçılar m.,2 otaqlı,60 m²,Agentlik,9/16 mərtəbə
289 000,Bayıl q.,3 otaqlı,118 m²,,8/16 mərtəbə
330 000,Nəsimi r.,2 otaqlı,64 m²,Agentlik,8/17 mərtəbə
136 000,Xırdalan,2 otaqlı,63 m²,,11/15 mərtəbə
135 000,Həzi Aslanov m.,40 m²,,Agentlik,
148 000,İnşaatçılar m.,2 otaqlı,75 m²,Agentlik,20/21 mərtəbə
130 603,Nardaran q.,1 otaqlı,43.9 m²,Kompleks,2/14 mərtəbə
185 000,Qara Qarayev m.,2 otaqlı,46 m²,Agentlik,10/17 mərtəbə
325 000,Həzi Aslanov m.,3 otaqlı,120 m²,Agentlik,14/17 mərtəbə
285 000,Yasamal q.,3 otaqlı,85.7 m²,,16/16 mərtəbə
400 000,Qəbələ,6 otaqlı,240 m²,Agentlik,
205 000,Neftçilər m.,4 otaqlı,80 m²,Agentlik,4/5 mərtəbə
285 000,Elmlər Akademiyası m.,3 otaqlı,80 m²,Agentlik,2/5 mərtəbə
305 000,Şah İsmayıl Xətai m.,3 otaqlı,125 m²,Agentlik,2/18 mərtəbə
1 000 000,Həzi Aslanov m.,400 m²,,Agentlik,
205 000,Nəriman Nərimanov m.,2 otaqlı,75 m²,Agentlik,17/20 mərtəbə
268 000,20 Yanvar m.,2 otaqlı,75 m²,Agentlik,8/19 mərtəbə
230 000,Həzi Aslanov m.,3 otaqlı,103 m²,Agentlik,8/17 mərtəbə
150 000,Xalqlar Dostluğu m.,2 otaqlı,90 m²,,17/17 mərtəbə
305 000,Azadlıq Prospekti m.,5 otaqlı,120 m²,Agentlik,5/9 mərtəbə
1 400 000,Bilgəh q.,6 otaqlı,460 m²,Kompleks,
255 000,Badamdar q.,3 otaqlı,141 m²,Agentlik,15/16 mərtəbə
530 000,Novxanı q.,5 otaqlı,300 m²,,
45 000,Masazır q.,1 otaqlı,39 m²,,2/4 mərtəbə
187 000,Həzi Aslanov m.,2 otaqlı,77 m²,Agentlik,10/10 mərtəbə
1 300 000,Şüvəlan q.,7 otaqlı,450 m²,Agentlik,
187 000,Nizami m.,3 otaqlı,80 m²,Agentlik,3/16 mərtəbə
1 581 000,Masazır q.,62 sot,,Agentlik,
279 557,Nardaran q.,1 otaqlı,57.7 m²,Kompleks,19/24 mərtəbə
105 000,Nəriman Nərimanov m.,1 otaqlı,27 m²,Agentlik,2/5 mərtəbə
245 000,Şah İsmayıl Xətai m.,2 otaqlı,60 m²,Agentlik,16/17 mərtəbə
137 000,Həzi Aslanov m.,2 otaqlı,60 m²,Agentlik,9/9 mərtəbə
279 000,Gənclik m.,3 otaqlı,70 m²,Agentlik,2/9 mərtəbə
630 000,Mərdəkan q.,5 otaqlı,270 m²,Agentlik,
193 000,Bayıl q.,2 otaqlı,67 m²,,10/17 mərtəbə
180 000,Biləcəri q.,6 otaqlı,240 m²,,
238 000,Azadlıq Prospekti m.,2 otaqlı,80 m²,,17/17 mərtəbə
126 000,Biləcəri q.,3 otaqlı,65 m²,,5/9 mərtəbə
330 000,Şüvəlan q.,6 otaqlı,360 m²,,
356 000,Ağ şəhər q.,3 otaqlı,120 m²,Agentlik,3/14 mərtəbə
880 000,Nardaran q.,3 otaqlı,132 m²,,4/6 mərtəbə
780 000,Şüvəlan q.,20 sot,,,
305 000,28 May m.,2 otaqlı,83 m²,Agentlik,6/18 mərtəbə
589 000,Ağ şəhər q.,3 otaqlı,137 m²,,5/7 mərtəbə
341 000,Azadlıq Prospekti m.,3 otaqlı,110 m²,Kompleks,3/13 mərtəbə
193 000,Həzi Aslanov m.,2 otaqlı,70 m²,Agentlik,4/16 mərtəbə
238 000,Yeni Yasamal q.,3 otaqlı,88 m²,Agentlik,3/15 mərtəbə
290 000,Nəsimi r.,2 otaqlı,62 m²,Agentlik,12/17 mərtəbə
189 000,Nizami m.,3 otaqlı,75 m²,,3/16 mərtəbə
125 000,Əhmədli m.,2 otaqlı,80 m²,Agentlik,17/17 mərtəbə
295 000,Şah İsmayıl Xətai m.,3 otaqlı,95 m²,Agentlik,15/20 mərtəbə
95 000,Masazır q.,3 otaqlı,77 m²,Agentlik,4/5 mərtəbə
400 000,Gənclik m.,2 otaqlı,98 m²,,7/15 mərtəbə
217 000,Gənclik m.,2 otaqlı,79.3 m²,Agentlik,5/16 mərtəbə
150 000,Nardaran q.,1 otaqlı,57.8 m²,,5/9 mərtəbə
1 290 000,Mərdəkan q.,6 otaqlı,350 m²,Agentlik,
238 000,Xalqlar Dostluğu m.,4 otaqlı,115 m²,Agentlik,1/9 mərtəbə
36 000,Şamaxı,12 sot,,,
144 000,Həzi Aslanov m.,2 otaqlı,60 m²,Agentlik,5/9 mərtəbə
340 000,Sahil m.,3 otaqlı,120 m²,Agentlik,1/3 mərtəbə
510 000,Gənclik m.,4 otaqlı,192.5 m²,Agentlik,14/20 mərtəbə
225 000,Sea Breeze q.,2 otaqlı,76 m²,Agentlik,3/6 mərtəbə
390 000,Köhnə Günəşli q.,8 otaqlı,280 m²,,
215 000,Şüvəlan q.,4 otaqlı,140 m²,Agentlik,
185 000,İnşaatçılar m.,3 otaqlı,92.6 m²,Agentlik,12/21 mərtəbə
535 000,Mərdəkan q.,4 otaqlı,200 m²,Agentlik,
199 000,Nəsimi r.,2 otaqlı,40 m²,Agentlik,3/5 mərtəbə
335 000,28 May m.,3 otaqlı,117.6 m²,,3/15 mərtəbə
98 000,Masazır q.,3 otaqlı,73 m²,Agentlik,3/6 mərtəbə
325 000,Nəsimi r.,3 otaqlı,79 m²,Agentlik,9/14 mərtəbə
165 000,Şüvəlan q.,5.5 sot,,Agentlik,
143 000,Şüvəlan q.,3 otaqlı,100 m²,Agentlik,
225 000,Həzi Aslanov m.,3 otaqlı,85 m²,Agentlik,8/9 mərtəbə
278 000,Nəsimi r.,2 otaqlı,68 m²,Agentlik,9/14 mərtəbə
345 000,Həzi Aslanov m.,3 otaqlı,105 m²,Agentlik,9/15 mərtəbə
432 600,Şah İsmayıl Xətai m.,3 otaqlı,123.6 m²,,20/20 mərtəbə
205 000,İnşaatçılar m.,2 otaqlı,75 m²,Agentlik,18/19 mərtəbə
360 000,Nəsimi r.,3 otaqlı,112 m²,Agentlik,14/14 mərtəbə
170 000,Sulutəpə q.,4 otaqlı,160 m²,Agentlik,
195 000,Mərdəkan q.,3 otaqlı,95 m²,,5/5 mərtəbə
182 000,20 Yanvar m.,2 otaqlı,50 m²,,18/20 mərtəbə
358 000,8 Noyabr m.,3 otaqlı,130 m²,Agentlik,7/12 mərtəbə
150 000,Xırdalan,4 otaqlı,90 m²,Agentlik,10/13 mərtəbə
178 000,Memar Əcəmi m.,2 otaqlı,65 m²,Agentlik,15/18 mərtəbə
260 000,Gənclik m.,3 otaqlı,91 m²,Agentlik,2/5 mərtəbə
249 000,Binəqədi r.,2 otaqlı,67 m²,Agentlik,19/20 mərtəbə
174 308,Dərnəgül m.,1 otaqlı,57.1 m²,Kompleks,10/13 mərtəbə
229 880,Dərnəgül m.,2 otaqlı,82.1 m²,Kompleks,10/14 mərtəbə
280 314,Dərnəgül m.,3 otaqlı,96.6 m²,Kompleks,10/14 mərtəbə
231 712,Dərnəgül m.,2 otaqlı,89.1 m²,Kompleks,8/13 mərtəbə
325 005,Dərnəgül m.,3 otaqlı,138.3 m²,Kompleks,4/13 mərtəbə
293 123,Dərnəgül m.,3 otaqlı,114.9 m²,Kompleks,9/14 mərtəbə
290 875,Dərnəgül m.,3 otaqlı,116.3 m²,Kompleks,4/14 mərtəbə
240 226,Dərnəgül m.,3 otaqlı,90.6 m²,Kompleks,6/13 mərtəbə
277 095,Dərnəgül m.,3 otaqlı,113.1 m²,Kompleks,4/13 mərtəbə
293 951,Dərnəgül m.,3 otaqlı,119.9 m²,Kompleks,4/13 mərtəbə
231 712,Dərnəgül m.,2 otaqlı,89.1 m²,Kompleks,6/13 mərtəbə
135 000,Pirşağı q.,9 sot,,Agentlik,
442 255,Sea Breeze q.,3 otaqlı,94.6 m²,Kompleks,2/9 mərtəbə
316 000,Nizami m.,2 otaqlı,77 m²,Agentlik,5/12 mərtəbə
325 000,Memar Əcəmi m.,3 otaqlı,122 m²,Agentlik,12/14 mərtəbə
277 236,Nardaran q.,1 otaqlı,60.4 m²,Kompleks,17/24 mərtəbə
145 000,Xətai r.,2 otaqlı,56 m²,,2/4 mərtəbə
8 800,İsmayıllı,10 sot,,,
325 000,Gənclik m.,3 otaqlı,80 m²,Agentlik,9/14 mərtəbə
292 000,Koroğlu m.,2 otaqlı,117.2 m²,Agentlik,9/16 mərtəbə
550 000,Nəsimi m.,4 otaqlı,240 m²,Agentlik,10/16 mərtəbə
726 000,Nizami m.,4 otaqlı,165 m²,Agentlik,19/20 mərtəbə
264 999,Gənclik m.,3 otaqlı,80 m²,Agentlik,5/9 mərtəbə
580 000,Nərimanov r.,4 otaqlı,200 m²,Agentlik,9/20 mərtəbə
185 000,Gənclik m.,2 otaqlı,45 m²,Agentlik,6/8 mərtəbə
278 000,Həzi Aslanov q.,3 otaqlı,97 m²,Agentlik,4/19 mərtəbə
950 000,Elmlər Akademiyası m.,4 otaqlı,185 m²,Agentlik,12/14 mərtəbə
188 000,Nərimanov r.,3 otaqlı,75 m²,Agentlik,3/5 mərtəbə
165 000,Gənclik m.,1 otaqlı,50 m²,Agentlik,2/9 mərtəbə
298 500,Elmlər Akademiyası m.,2 otaqlı,96.4 m²,,11/19 mərtəbə
315 000,Sea Breeze q.,2 otaqlı,82.8 m²,Agentlik,2/6 mərtəbə
289 000,Əhmədli m.,3 otaqlı,90 m²,Agentlik,12/15 mərtəbə
230 000,Biləcəri q.,6 otaqlı,240 m²,Agentlik,
465 000,Nəriman Nərimanov m.,3 otaqlı,120 m²,Agentlik,6/16 mərtəbə
124 000,Sumqayıt,2 otaqlı,92 m²,,4/16 mərtəbə
275 000,Nizami m.,3 otaqlı,85 m²,Agentlik,6/14 mərtəbə
112 000,Neftçilər m.,1 otaqlı,35 m²,,5/5 mərtəbə
153 000,Sumqayıt,1 otaqlı,66 m²,,6/14 mərtəbə
185 000,İçəri Şəhər m.,2 otaqlı,45 m²,Agentlik,5/5 mərtəbə
177 000,Azadlıq Prospekti m.,2 otaqlı,65 m²,Agentlik,8/9 mərtəbə
420 000,28 May m.,3 otaqlı,95 m²,Agentlik,15/18 mərtəbə
109 000,Qara Qarayev m.,1 otaqlı,35 m²,,5/5 mərtəbə
260 000,Bayıl q.,3 otaqlı,130 m²,,
200 000,Mərdəkan q.,4 otaqlı,150 m²,Agentlik,
217 000,Şüvəlan q.,3 otaqlı,120 m²,Agentlik,
215 000,Şüvəlan q.,4 otaqlı,200 m²,Agentlik,
220 000,Şüvəlan q.,4 otaqlı,150 m²,Agentlik,
204 000,Mərdəkan q.,4 otaqlı,145 m²,Agentlik,
380 000,Mərdəkan q.,5 otaqlı,220 m²,Agentlik,
235 000,Mərdəkan q.,4 otaqlı,160 m²,Agentlik,
195 000,Şüvəlan q.,4 otaqlı,135 m²,Agentlik,
195 000,Mərdəkan q.,4 otaqlı,150 m²,Agentlik,
238 000,Mərdəkan q.,4 otaqlı,165 m²,Agentlik,
168 000,Suraxanı r.,2 otaqlı,70 m²,Agentlik,6/12 mərtəbə
245 000,8 Noyabr m.,3 otaqlı,100 m²,Agentlik,2/17 mərtəbə
180 000,Qara Qarayev m.,2 otaqlı,64 m²,,16/17 mərtəbə
260 000,Zabrat q.,7 otaqlı,185 m²,,
245 000,Memar Əcəmi m.,2 otaqlı,90 m²,,8/17 mərtəbə
148 000,Memar Əcəmi m.,3 otaqlı,45 m²,Agentlik,3/5 mərtəbə
128 900,Xırdalan,3 otaqlı,90 m²,,1/9 mərtəbə
160 000,Mərdəkan q.,4 otaqlı,100 m²,Agentlik,
265 000,Mərdəkan q.,4 otaqlı,160 m²,Agentlik,
555 000,Mərdəkan q.,5 otaqlı,300 m²,Agentlik,
378 000,Mərdəkan q.,4 otaqlı,180 m²,Agentlik,
552 000,Mərdəkan q.,6 otaqlı,285 m²,Agentlik,
225 000,Buzovna q.,4 otaqlı,140 m²,Agentlik,
365 000,Şüvəlan q.,6 otaqlı,280 m²,Agentlik,
385 000,Mərdəkan q.,4 otaqlı,170 m²,Agentlik,
325 000,Buzovna q.,4 otaqlı,170 m²,Agentlik,
150 000,Zığ q.,5 otaqlı,154 m²,Agentlik,
250 000,Digah q.,17 sot,,,
145 000,NZS q.,6 otaqlı,130 m²,Agentlik,
140 000,Bayıl q.,2 otaqlı,54 m²,Agentlik,2/5 mərtəbə
224 500,Elmlər Akademiyası m.,3 otaqlı,75 m²,Agentlik,3/5 mərtəbə
60 000,Quba,20 sot,,,
259 000,Buzovna q.,3 otaqlı,130 m²,,
338 000,Elmlər Akademiyası m.,2 otaqlı,68 m²,,8/17 mərtəbə
140 000,Dədə Qorqud q.,3 otaqlı,101 m²,,
170 000,Xətai r.,3 otaqlı,115 m²,Agentlik,2/3 mərtəbə
390 000,Nəriman Nərimanov m.,3 otaqlı,113.7 m²,Agentlik,7/17 mərtəbə
169 000,İnşaatçılar m.,2 otaqlı,68 m²,Agentlik,5/12 mərtəbə
320 000,Nizami m.,4 otaqlı,130 m²,,19/19 mərtəbə
580 000,8 Noyabr m.,4 otaqlı,175 m²,,6/17 mərtəbə
154 500,Massiv D q.,3 otaqlı,70 m²,Agentlik,14/18 mərtəbə
242 000,Memar Əcəmi m.,3 otaqlı,90 m²,Agentlik,17/17 mərtəbə
179 000,20 Yanvar m.,2 otaqlı,80 m²,,19/22 mərtəbə
360 000,Gənclik m.,3 otaqlı,120 m²,Agentlik,6/12 mərtəbə
222 000,Sea Breeze q.,1 otaqlı,49.9 m²,Agentlik,5/9 mərtəbə
163 000,Həzi Aslanov m.,2 otaqlı,68 m²,Agentlik,9/17 mərtəbə
157 000,Səbail r.,2 otaqlı,66 m²,Agentlik,2/5 mərtəbə
350 000,Nəsimi r.,2 otaqlı,95 m²,,10/17 mərtəbə
325 000,Nəriman Nərimanov m.,3 otaqlı,96 m²,Agentlik,12/17 mərtəbə
470 000,28 May m.,3 otaqlı,171 m²,Agentlik,12/22 mərtəbə
233 000,Bayıl q.,3 otaqlı,95 m²,,4/17 mərtəbə
175 000,Nəsimi r.,2 otaqlı,56 m²,Agentlik,5/5 mərtəbə
285 000,İnşaatçılar m.,2 otaqlı,76 m²,Agentlik,15/18 mərtəbə
430 000,28 May m.,2 otaqlı,95 m²,,3/17 mərtəbə
85 000,Masazır q.,2 otaqlı,57 m²,Agentlik,1/6 mərtəbə
365 000,İnşaatçılar m.,3 otaqlı,98 m²,,12/14 mərtəbə
365 000,Şah İsmayıl Xətai m.,3 otaqlı,103 m²,,12/16 mərtəbə
147 500,Yeni Günəşli q.,3 otaqlı,107 m²,Agentlik,9/9 mərtəbə
137 000,Elmlər Akademiyası m.,2 otaqlı,50 m²,Agentlik,3/5 mərtəbə
341 000,Şah İsmayıl Xətai m.,3 otaqlı,156 m²,Agentlik,13/24 mərtəbə
402 798,Sea Breeze q.,2 otaqlı,71.8 m²,Kompleks,7/9 mərtəbə
155 000,Nəriman Nərimanov m.,40 m²,,,
506 335,Sea Breeze q.,2 otaqlı,78.4 m²,Kompleks,2/5 mərtəbə
300 000,Qara Qarayev m.,3 otaqlı,98 m²,Agentlik,3/17 mərtəbə
98 900,Xırdalan,2 otaqlı,60 m²,,5/5 mərtəbə
370 000,Qara Qarayev m.,4 otaqlı,140 m²,Agentlik,15/17 mərtəbə
268 000,28 May m.,3 otaqlı,145 m²,Agentlik,19/20 mərtəbə
294 900,7-ci mikrorayon q.,5 otaqlı,345 m²,Agentlik,19/19 mərtəbə
184 999,9-cu mikrorayon q.,2 otaqlı,65 m²,Agentlik,7/9 mərtəbə
153 000,Xırdalan,2 otaqlı,95.6 m²,,3/16 mərtəbə
178 000,Qara Qarayev m.,2 otaqlı,65 m²,Agentlik,11/17 mərtəbə
640 000,Elmlər Akademiyası m.,3 otaqlı,120 m²,Agentlik,14/17 mərtəbə
13 000,Bərdə,3 otaqlı,120 m²,,
299 000,20 Yanvar m.,3 otaqlı,134 m²,Agentlik,5/19 mərtəbə
127 000,Avtovağzal m.,2 otaqlı,50 m²,,15/18 mərtəbə
125 000,Binəqədi r.,2 otaqlı,50 m²,Agentlik,7/9 mərtəbə
195 000,Həzi Aslanov m.,3 otaqlı,87 m²,Agentlik,13/18 mərtəbə
74 900,Xırdalan,4 otaqlı,100 m²,,
81 900,Xırdalan,2 otaqlı,46 m²,,5/5 mərtəbə
130 000,Nəriman Nərimanov m.,2 otaqlı,35 m²,,5/5 mərtəbə
145 000,Nərimanov r.,1 otaqlı,32 m²,,3/5 mərtəbə
209 900,Binəqədi q.,3 otaqlı,114 m²,,3/9 mərtəbə
200 000,Binə q.,5 otaqlı,200 m²,,
57 120,Masazır q.,1 otaqlı,47.6 m²,,5/12 mərtəbə
185 000,Əhmədli m.,2 otaqlı,78 m²,Agentlik,7/17 mərtəbə
140 000,Bayıl q.,2 otaqlı,54 m²,Agentlik,2/5 mərtəbə
410 000,Xətai r.,3 otaqlı,150 m²,,3/18 mərtəbə
220 000,Şah İsmayıl Xətai m.,1 otaqlı,76 m²,Agentlik,6/24 mərtəbə
132 000,Elmlər Akademiyası m.,1 otaqlı,35 m²,,3/5 mərtəbə
219 000,Koroğlu m.,2 otaqlı,60 m²,Agentlik,13/17 mərtəbə
205 000,28 May m.,2 otaqlı,90 m²,Agentlik,3/5 mərtəbə
238 000,Koroğlu m.,2 otaqlı,63 m²,Agentlik,5/17 mərtəbə
238 999,Nəriman Nərimanov m.,3 otaqlı,75 m²,Agentlik,4/5 mərtəbə
185 000,İnşaatçılar m.,2 otaqlı,67 m²,,9/17 mərtəbə
210 000,Biləcəri q.,7 otaqlı,240 m²,,
195 000,Həzi Aslanov m.,3 otaqlı,88 m²,Agentlik,13/17 mərtəbə
139 500,Xırdalan,2 otaqlı,87.2 m²,,8/16 mərtəbə
129 000,Biləcəri q.,3 otaqlı,72 m²,,9/9 mərtəbə
830 000,Nəsimi m.,5.2 sot,,,
248 333,28 May m.,2 otaqlı,69.6 m²,,5/13 mərtəbə
106 000,Bayıl q.,1 otaqlı,31 m²,,4/6 mərtəbə
430 000,Nizami m.,3 otaqlı,135 m²,Agentlik,10/16 mərtəbə
300 000,İnşaatçılar m.,4 otaqlı,130 m²,Agentlik,17/19 mərtəbə
399 000,İnşaatçılar m.,4 otaqlı,170 m²,,7/18 mərtəbə
385 000,Novxanı q.,8 otaqlı,515 m²,,
436 800,8 Noyabr m.,3 otaqlı,130 m²,Kompleks,15/16 mərtəbə
274 000,Koroğlu m.,3 otaqlı,106.9 m²,Agentlik,10/17 mərtəbə
242 222,20 Yanvar m.,2 otaqlı,95.8 m²,,12/14 mərtəbə
135 000,Biləcəri q.,4 otaqlı,110 m²,,
720 000,Ağ şəhər q.,3 otaqlı,140 m²,Agentlik,3/7 mərtəbə
601 932,Sea Breeze q.,3 otaqlı,131.1 m²,Kompleks,3/5 mərtəbə
163 115,8 Noyabr m.,2 otaqlı,50.5 m²,Kompleks,9/16 mərtəbə
310 000,Qara Qarayev m.,3 otaqlı,111.5 m²,Agentlik,6/16 mərtəbə
260 000,Mərdəkan q.,4 otaqlı,170 m²,Agentlik,
263 360,8 Noyabr m.,3 otaqlı,82.3 m²,Kompleks,8/16 mərtəbə
218 000,Koroğlu m.,2 otaqlı,90 m²,Agentlik,13/13 mərtəbə
227 000,Mehdiabad q.,8 otaqlı,205 m²,,
554 655,8 Noyabr m.,4 otaqlı,179.5 m²,Kompleks,6/16 mərtəbə
404 976,8 Noyabr m.,3 otaqlı,129.8 m²,Kompleks,7/16 mərtəbə
67 000,Xırdalan,3 otaqlı,90 m²,,
289 731,8 Noyabr m.,3 otaqlı,89.7 m²,Kompleks,9/16 mərtəbə
218 000,Gənclik m.,1 otaqlı,67 m²,Agentlik,3/6 mərtəbə
175 000,Badamdar q.,3 otaqlı,70 m²,Agentlik,2/9 mərtəbə
90 000,Masazır q.,2 otaqlı,60 m²,Agentlik,1/6 mərtəbə
283 081,8 Noyabr m.,3 otaqlı,89.3 m²,Kompleks,7/16 mərtəbə
660 000,Mərdəkan q.,28 sot,,Agentlik,
160 085,8 Noyabr m.,2 otaqlı,50.5 m²,Kompleks,7/16 mərtəbə
268 298,8 Noyabr m.,3 otaqlı,82.3 m²,Kompleks,10/16 mərtəbə
164 630,8 Noyabr m.,2 otaqlı,50.5 m²,Kompleks,10/16 mərtəbə
92 000,Yeni Ramana q.,3 otaqlı,95 m²,,
331 040,Nərimanov r.,3 otaqlı,103.45 m²,Kompleks,11/14 mərtəbə
261 361,Nərimanov r.,2 otaqlı,84.31 m²,Kompleks,7/14 mərtəbə
331 040,Nərimanov r.,2 otaqlı,103.45 m²,Kompleks,10/14 mərtəbə
379 254,Nərimanov r.,3 otaqlı,122.34 m²,Kompleks,6/14 mərtəbə
282 596,Nərimanov r.,2 otaqlı,91.16 m²,Kompleks,7/14 mərtəbə
661 440,Nərimanov r.,5 otaqlı,206.65 m²,Kompleks,12/14 mərtəbə
397 760,Nərimanov r.,3 otaqlı,124.3 m²,Kompleks,12/15 mərtəbə
379 254,Nəriman Nərimanov m.,4 otaqlı,122.34 m²,Kompleks,7/14 mərtəbə
158 570,8 Noyabr m.,2 otaqlı,50.5 m²,Kompleks,6/16 mərtəbə
172 000,Gənclik m.,2 otaqlı,60 m²,Agentlik,5/5 mərtəbə
216 000,Nəriman Nərimanov m.,2 otaqlı,66 m²,Agentlik,16/16 mərtəbə
330 000,8-ci mikrorayon q.,3 otaqlı,98 m²,,18/20 mərtəbə
287 040,8 Noyabr m.,3 otaqlı,89.7 m²,Kompleks,8/16 mərtəbə
401 700,8 Noyabr m.,3 otaqlı,130 m²,Kompleks,6/16 mərtəbə
214 000,Nəriman Nərimanov m.,2 otaqlı,66 m²,Agentlik,16/16 mərtəbə
207 000,Yeni Yasamal q.,3 otaqlı,80 m²,,3/9 mərtəbə
401 082,8 Noyabr m.,3 otaqlı,129.8 m²,Kompleks,6/16 mərtəbə
220 000,Nərimanov r.,2 otaqlı,78 m²,Agentlik,14/17 mərtəbə
118 000,Hövsan q.,4 otaqlı,200 m²,,
538 500,8 Noyabr m.,4 otaqlı,179.5 m²,Kompleks,3/16 mərtəbə
250 000,Azadlıq Prospekti m.,3 otaqlı,90 m²,,6/9 mərtəbə
42 000,Albalılıq q.,2 otaqlı,55 m²,,
390 000,Şah İsmayıl Xətai m.,2 otaqlı,88 m²,Agentlik,9/16 mərtəbə
98 000,Sumqayıt,3 otaqlı,75 m²,,
475 000,8 Noyabr m.,45 m²,,Agentlik,
310 000,Nəriman Nərimanov m.,3 otaqlı,128 m²,Agentlik,16/17 mərtəbə
285 000,Şah İsmayıl Xətai m.,3 otaqlı,95 m²,Agentlik,8/16 mərtəbə
175 000,Həzi Aslanov m.,2 otaqlı,53 m²,Agentlik,13/15 mərtəbə
134 000,Nəriman Nərimanov m.,1 otaqlı,33 m²,Agentlik,2/5 mərtəbə
165 000,Xalqlar Dostluğu m.,2 otaqlı,66 m²,Agentlik,15/16 mərtəbə
234 000,Bakıxanov q.,3 otaqlı,130 m²,Agentlik,11/12 mərtəbə
1 847 231,Bayıl q.,4 otaqlı,244 m²,Kompleks,7/10 mərtəbə
105 000,20 Yanvar m.,3 otaqlı,100 m²,Agentlik,
365 000,Nizami m.,3 otaqlı,100 m²,Agentlik,9/14 mərtəbə
165 000,Xalqlar Dostluğu m.,2 otaqlı,66 m²,Agentlik,2/16 mərtəbə
350 000,8 Noyabr m.,3 otaqlı,150 m²,Agentlik,4/27 mərtəbə
225 000,Xalqlar Dostluğu m.,2 otaqlı,90 m²,Agentlik,16/17 mərtəbə
159 000,Bayıl q.,3 otaqlı,80 m²,,
350 000,Kubinka q.,3 otaqlı,136 m²,Agentlik,4/18 mərtəbə
295 000,Şah İsmayıl Xətai m.,3 otaqlı,95 m²,Agentlik,15/19 mərtəbə
285 000,28 May m.,3 otaqlı,80 m²,Agentlik,14/18 mərtəbə
400 000,Kürdəxanı q.,7 otaqlı,314.3 m²,,
252 000,Nizami m.,3 otaqlı,90 m²,Agentlik,3/6 mərtəbə
380 000,Gənclik m.,3 otaqlı,119 m²,Agentlik,16/16 mərtəbə
132 000,Elmlər Akademiyası m.,2 otaqlı,40 m²,Agentlik,2/5 mərtəbə
287 000,Şah İsmayıl Xətai m.,2 otaqlı,87 m²,Agentlik,10/17 mərtəbə
820 000,28 May m.,4 otaqlı,195 m²,,7/17 mərtəbə
295 000,Nəsimi r.,2 otaqlı,105 m²,Agentlik,5/17 mərtəbə
70 000,Ələt q.,303 sot,,,
120 500,Əhmədli m.,1 otaqlı,45 m²,Agentlik,5/9 mərtəbə
285 000,8 Noyabr m.,3 otaqlı,100 m²,Agentlik,2/18 mərtəbə
245 000,Mərdəkan q.,4 otaqlı,145 m²,Agentlik,
263 611,Nardaran q.,2 otaqlı,63.7 m²,Kompleks,11/11 mərtəbə
298 000,Yasamal q.,3 otaqlı,75 m²,,14/17 mərtəbə
520 000,Yasamal q.,3 otaqlı,150 m²,,
410 000,28 May m.,3 otaqlı,110 m²,Agentlik,12/15 mərtəbə
215 000,20 Yanvar m.,2 otaqlı,70 m²,Agentlik,3/20 mərtəbə
635 000,Sahil m.,3 otaqlı,140 m²,Agentlik,2/5 mərtəbə
208 500,M.Ə.Rəsulzadə q.,3 otaqlı,135 m²,,
495 000,Bakıxanov q.,4.6 sot,,,
273 000,Bakıxanov q.,7 sot,,,
260 000,Həzi Aslanov m.,2 otaqlı,98 m²,Agentlik,4/15 mərtəbə
1 100 000,28 May m.,4 otaqlı,190 m²,Agentlik,
256 496,Nardaran q.,2 otaqlı,65.6 m²,Kompleks,4/11 mərtəbə
234 999,Gənclik m.,2 otaqlı,65 m²,Agentlik,7/9 mərtəbə
65 800,Saray q.,2 otaqlı,60 m²,,3/9 mərtəbə
265 000,Həzi Aslanov m.,3 otaqlı,106 m²,,8/16 mərtəbə
200 000,Bayıl q.,2 otaqlı,79 m²,Agentlik,14/17 mərtəbə
410 000,Gənclik m.,4 otaqlı,155 m²,Agentlik,10/14 mərtəbə
85 000,Masazır q.,2 otaqlı,57 m²,Agentlik,5/6 mərtəbə
470 000,28 May m.,3 otaqlı,132 m²,Agentlik,10/17 mərtəbə
260 000,Nəriman Nərimanov m.,2 otaqlı,90 m²,Agentlik,11/17 mərtəbə
73 000,Masazır q.,2 otaqlı,60 m²,Agentlik,6/6 mərtəbə
26 000,Türkan q.,4.5 sot,,,
334 000,Elmlər Akademiyası m.,3 otaqlı,110 m²,Agentlik,2/9 mərtəbə
131 000,Memar Əcəmi m.,2 otaqlı,68 m²,Agentlik,1/5 mərtəbə
262 000,Əhmədli m.,3 otaqlı,150 m²,Agentlik,2/17 mərtəbə
230 000,Bakıxanov q.,3 otaqlı,80 m²,Agentlik,2/9 mərtəbə
148 000,Memar Əcəmi m.,3 otaqlı,74 m²,Agentlik,5/5 mərtəbə
330 000,Nəsimi r.,2 otaqlı,64 m²,Agentlik,8/18 mərtəbə
2 700 000,Xırdalan,54 sot,,,
310 000,Neftçilər m.,3 otaqlı,119 m²,Agentlik,2/15 mərtəbə
85 000,Masazır q.,3 otaqlı,75 m²,Agentlik,9/9 mərtəbə
130 000,Albalılıq q.,5 otaqlı,260 m²,Agentlik,
530 000,Azadlıq Prospekti m.,6 sot,,Agentlik,
180 000,20 Yanvar m.,2 otaqlı,50 m²,,19/20 mərtəbə
195 000,NZS q.,4 otaqlı,100 m²,,
220 000,Şah İsmayıl Xətai m.,2 otaqlı,76 m²,Agentlik,6/24 mərtəbə
155 000,Əhmədli m.,3 otaqlı,80 m²,Agentlik,9/9 mərtəbə
258 000,Şah İsmayıl Xətai m.,2 otaqlı,96 m²,Agentlik,4/21 mərtəbə
185 000,Qara Qarayev m.,3 otaqlı,63 m²,,4/5 mərtəbə
724 000,Nizami m.,4 otaqlı,190.5 m²,,5/15 mərtəbə
750 000,Şüvəlan q.,10 otaqlı,700 m²,Agentlik,
225 000,Abşeron r.,5 otaqlı,260 m²,Agentlik,
380 000,Şamaxı,12 otaqlı,360 m²,,
340 000,Əhmədli m.,66 m²,,,
205 000,Azadlıq Prospekti m.,3 otaqlı,80 m²,,1/9 mərtəbə
406 198,Sea Breeze q.,2 otaqlı,91.9 m²,Kompleks,2/7 mərtəbə
165 410,Nardaran q.,1 otaqlı,55.6 m²,Kompleks,4/9 mərtəbə
135 000,Avtovağzal m.,90 m²,,,
380 000,Görədil q.,7 otaqlı,450 m²,Agentlik,
262 000,Ağ şəhər q.,2 otaqlı,56 m²,Agentlik,7/7 mərtəbə
239 999,Memar Əcəmi m.,3 otaqlı,80 m²,,15/18 mərtəbə
189 000,Həzi Aslanov m.,2 otaqlı,82 m²,Agentlik,11/13 mərtəbə
288 000,Həzi Aslanov m.,3 otaqlı,98 m²,Agentlik,12/20 mərtəbə
147 000,Həzi Aslanov m.,2 otaqlı,60 m²,Agentlik,9/9 mərtəbə
229 000,Həzi Aslanov m.,3 otaqlı,85 m²,Agentlik,6/9 mərtəbə
210 000,Mehdiabad q.,4 otaqlı,120 m²,,
5 450 000,Gənclik m.,5 otaqlı,295 m²,Agentlik,13/21 mərtəbə
210 000,Bakıxanov q.,3 otaqlı,123 m²,Agentlik,6/9 mərtəbə
52 000,Binə q.,2 otaqlı,50 m²,,
395 220,Nəsimi r.,2 otaqlı,94.1 m²,Kompleks,16/16 mərtəbə
1 071 000,Nəsimi r.,5 otaqlı,255 m²,Kompleks,15/16 mərtəbə
556 200,Nəsimi r.,4 otaqlı,154.5 m²,Kompleks,2/16 mərtəbə
550 000,Nəsimi r.,4 otaqlı,178 m²,Agentlik,9/16 mərtəbə
155 000,Zığ q.,3 otaqlı,120 m²,Agentlik,
235 000,İçəri Şəhər m.,2 otaqlı,63 m²,Agentlik,2/4 mərtəbə
160 000,Yeni Günəşli q.,3 otaqlı,90 m²,Agentlik,8/9 mərtəbə
525 000,Nəsimi r.,3 otaqlı,125.1 m²,Kompleks,16/16 mərtəbə
412 020,Nəsimi r.,2 otaqlı,98.1 m²,Kompleks,15/16 mərtəbə
969 000,Nəsimi r.,5 otaqlı,255 m²,Kompleks,4/16 mərtəbə
395 220,Nəsimi r.,2 otaqlı,94.1 m²,Kompleks,16/16 mərtəbə
826 980,Nəsimi r.,4 otaqlı,196.9 m²,Kompleks,16/16 mərtəbə
1 020 000,Nəsimi r.,5 otaqlı,255 m²,Kompleks,11/16 mərtəbə
625 680,Nəsimi r.,3 otaqlı,173.8 m²,Kompleks,2/16 mərtəbə
373 800,Nəsimi r.,2 otaqlı,89 m²,Kompleks,2/16 mərtəbə
516 600,Nəsimi r.,3 otaqlı,123 m²,Kompleks,15/16 mərtəbə
1 092 000,Nəsimi r.,5 otaqlı,260 m²,Kompleks,17/17 mərtəbə
379 260,Nəsimi r.,2 otaqlı,90.6 m²,Kompleks,2/16 mərtəbə
798 000,Nəsimi r.,4 otaqlı,190 m²,Kompleks,17/17 mərtəbə
140 000,Nəsimi r.,2 otaqlı,45 m²,Agentlik,2/5 mərtəbə
240 000,Xırdalan,7 otaqlı,260 m²,,
405 000,28 May m.,3 otaqlı,121.3 m²,,7/16 mərtəbə
142 000,Xətai r.,2 otaqlı,65 m²,Agentlik,3/9 mərtəbə
230 000,Memar Əcəmi m.,2 otaqlı,90 m²,,15/19 mərtəbə
770 000,Mərdəkan q.,22 sot,,Agentlik,
440 000,Elmlər Akademiyası m.,4 otaqlı,160 m²,Agentlik,2/10 mərtəbə
820 000,Nizami m.,110 m²,,,
145 000,Biləcəri q.,3 otaqlı,100 m²,,
189 000,Həzi Aslanov m.,2 otaqlı,64 m²,Agentlik,8/16 mərtəbə
225 000,20 Yanvar m.,2 otaqlı,95 m²,Agentlik,14/18 mərtəbə
150 000,Hövsan q.,4 otaqlı,80 m²,Agentlik,6/7 mərtəbə
338 000,28 May m.,3 otaqlı,135 m²,,11/17 mərtəbə
123 000,Binə q.,4 otaqlı,200 m²,,
268 000,20 Yanvar m.,2 otaqlı,75 m²,,8/20 mərtəbə
140 000,Avtovağzal m.,3 otaqlı,50 m²,,4/5 mərtəbə
82 500,Şüvəlan q.,3 sot,,,
210 000,Maştağa q.,293.8 m²,,,
48 000,Şüvəlan q.,2 sot,,,
125 000,Bayıl q.,5 otaqlı,120 m²,Agentlik,
105 000,Məmmədli q.,4 otaqlı,114 m²,Agentlik,
189 000,Həzi Aslanov m.,2 otaqlı,88 m²,Agentlik,10/17 mərtəbə
170 000,Həzi Aslanov m.,2 otaqlı,56 m²,,4/5 mərtəbə
230 000,Nərimanov r.,2 otaqlı,56 m²,Agentlik,7/18 mərtəbə
96 000,Mərdəkan q.,4 sot,,,
63 900,Buzovna q.,4 otaqlı,76.2 m²,,
250 000,Pirşağı q.,5 otaqlı,140 m²,,
335 000,Elmlər Akademiyası m.,2 otaqlı,68 m²,,16/17 mərtəbə
467 432,Sea Breeze q.,3 otaqlı,98.2 m²,Kompleks,1/6 mərtəbə
95 000,Xırdalan,3 otaqlı,62 m²,,15/16 mərtəbə
179 000,20 Yanvar m.,2 otaqlı,49 m²,,5/16 mərtəbə
107 000,İnşaatçılar m.,1 otaqlı,40 m²,Agentlik,5/5 mərtəbə
373 405,Sea Breeze q.,2 otaqlı,95.5 m²,Kompleks,3/6 mərtəbə
550 000,Gənclik m.,3 otaqlı,146 m²,Agentlik,2/12 mərtəbə
136 000,Həzi Aslanov m.,2 otaqlı,65 m²,Agentlik,1/9 mərtəbə
259 000,Neftçilər m.,3 otaqlı,87 m²,Agentlik,10/17 mərtəbə
190 000,Əhmədli m.,3 otaqlı,85 m²,Agentlik,6/9 mərtəbə
285 000,Həzi Aslanov m.,35 m²,,Agentlik,
117 000,Masazır q.,4 otaqlı,180 m²,,
335 000,Sea Breeze q.,2 otaqlı,76 m²,,3/7 mərtəbə
185 000,Zabrat q.,7 otaqlı,220 m²,,
142 000,Xalqlar Dostluğu m.,2 otaqlı,60 m²,,5/5 mərtəbə
700 000,Mərdəkan q.,5 otaqlı,300 m²,Agentlik,
115 000,Kürdəxanı q.,4 otaqlı,145 m²,,
236 000,Neftçilər m.,3 otaqlı,84 m²,Agentlik,10/17 mərtəbə
160 000,9-cu mikrorayon q.,2 otaqlı,65 m²,Agentlik,3/9 mərtəbə
22 500,Nardaran q.,3 sot,,,
255 000,Nəriman Nərimanov m.,2 otaqlı,65.4 m²,,4/18 mərtəbə
110 000,Binə q.,4 otaqlı,110 m²,,
135 000,Memar Əcəmi m.,3 otaqlı,78 m²,Agentlik,1/5 mərtəbə
45 000,Nardaran q.,6 sot,,,
75 000,Quba,76 sot,,,
140 000,Zığ q.,7 otaqlı,100 m²,Agentlik,
495 000,Mərdəkan q.,5 otaqlı,220 m²,Agentlik,
198 000,Gənclik m.,3 otaqlı,70 m²,Agentlik,2/4 mərtəbə
264 950,Memar Əcəmi m.,80 m²,,Agentlik,
450 000,Nəriman Nərimanov m.,4 otaqlı,168 m²,Agentlik,13/17 mərtəbə
189 000,Memar Əcəmi m.,2 otaqlı,62 m²,,6/18 mərtəbə
195 000,Bayıl q.,2 otaqlı,53 m²,Agentlik,13/16 mərtəbə
355 000,Mərdəkan q.,4 otaqlı,220 m²,Agentlik,
172 000,Sumqayıt,3 otaqlı,90 m²,Agentlik,10/13 mərtəbə
238 000,Binəqədi r.,3 otaqlı,95 m²,Agentlik,5/9 mərtəbə
680 000,Yeni Yasamal q.,1000 m²,,,
210 000,Həzi Aslanov m.,3 otaqlı,80 m²,,7/9 mərtəbə
115 000,Neftçilər m.,1 otaqlı,37 m²,Agentlik,5/5 mərtəbə
168 000,İnşaatçılar m.,3 otaqlı,75 m²,Agentlik,5/5 mərtəbə
210 000,Yasamal r.,3 otaqlı,94 m²,Agentlik,2/12 mərtəbə
695 000,Buzovna q.,6 otaqlı,220 m²,,
335 000,Elmlər Akademiyası m.,2 otaqlı,68 m²,,16/17 mərtəbə
160 000,Nizami r.,3 otaqlı,55 m²,,3/5 mərtəbə
83 500,Xırdalan,2 otaqlı,50 m²,,2/11 mərtəbə
900 000,Elmlər Akademiyası m.,4 otaqlı,185 m²,,3/16 mərtəbə
188 000,Azadlıq Prospekti m.,2 otaqlı,90 m²,Agentlik,6/12 mərtəbə
155 000,Həzi Aslanov q.,3 otaqlı,58 m²,,2/16 mərtəbə
650 000,Elmlər Akademiyası m.,3 otaqlı,120 m²,,15/16 mərtəbə
475 000,Nəsimi r.,4 otaqlı,180 m²,,11/16 mərtəbə
302 400,Nəsimi r.,2 otaqlı,72 m²,Kompleks,9/16 mərtəbə
106 000,Masazır q.,2 otaqlı,60 m²,Agentlik,7/8 mərtəbə
895 000,Elmlər Akademiyası m.,4 otaqlı,166 m²,,11/16 mərtəbə
515 000,Ağ şəhər q.,2 otaqlı,93 m²,,8/8 mərtəbə
158 000,Türkan q.,4 otaqlı,200 m²,,
275 000,Dərnəgül m.,3 otaqlı,80 m²,Agentlik,11/17 mərtəbə
422 240,Yeni Yasamal q.,4 otaqlı,203 m²,Kompleks,9/11 mərtəbə
164 000,Lökbatan q.,4 otaqlı,86 m²,,2/5 mərtəbə
288 000,Dərnəgül m.,2 otaqlı,80 m²,Agentlik,11/14 mərtəbə
185 000,Sahil m.,3 otaqlı,77 m²,Agentlik,1/2 mərtəbə
258 999,Memar Əcəmi m.,3 otaqlı,100 m²,Agentlik,14/19 mərtəbə
153 000,Yeni Yasamal q.,2 otaqlı,70 m²,,3/14 mərtəbə
140 000,Bülbülə q.,3 otaqlı,72 m²,,
210 000,Həzi Aslanov m.,3 otaqlı,85 m²,Agentlik,7/9 mərtəbə
185 000,Yasamal r.,2 otaqlı,60 m²,Agentlik,5/12 mərtəbə
291 746,Sea Breeze q.,2 otaqlı,67.3 m²,Kompleks,4/9 mərtəbə
294 999,Gənclik m.,3 otaqlı,75 m²,Agentlik,2/6 mərtəbə
2 200 000,İnşaatçılar m.,8 otaqlı,534 m²,,
195 000,Elmlər Akademiyası m.,2 otaqlı,55 m²,Agentlik,6/9 mərtəbə
414 120,Sea Breeze q.,2 otaqlı,101.5 m²,Kompleks,4/7 mərtəbə
420 000,Nərimanov r.,3 otaqlı,115 m²,Agentlik,14/18 mərtəbə
245 000,Binəqədi r.,2 otaqlı,70 m²,Agentlik,19/19 mərtəbə
545 000,Nəsimi r.,3 otaqlı,158 m²,,13/18 mərtəbə
309 999,Nəsimi m.,3 otaqlı,129 m²,Agentlik,5/16 mərtəbə
117 000,Masazır q.,4 otaqlı,120 m²,,
160 000,Həzi Aslanov m.,2 otaqlı,60 m²,Agentlik,6/9 mərtəbə
4 250 000,Əmircan q.,372 sot,,,
385 000,Nəsimi r.,3 otaqlı,100 m²,Agentlik,14/19 mərtəbə
199 000,Həzi Aslanov m.,2 otaqlı,64 m²,Agentlik,17/19 mərtəbə
345 000,Gənclik m.,3 otaqlı,158 m²,Agentlik,13/14 mərtəbə
934 000,Ağ şəhər q.,4 otaqlı,225 m²,Agentlik,7/8 mərtəbə
650 000,Şah İsmayıl Xətai m.,4 otaqlı,168 m²,Agentlik,9/16 mərtəbə
385 900,Yeni Yasamal q.,3 otaqlı,170 m²,Kompleks,4/11 mərtəbə
240 000,Şah İsmayıl Xətai m.,2 otaqlı,53 m²,,10/13 mərtəbə
275 000,Azadlıq Prospekti m.,2 otaqlı,90 m²,Agentlik,14/19 mərtəbə
338 000,Nəsimi r.,2 otaqlı,98 m²,Agentlik,11/18 mərtəbə
620 000,Mərdəkan q.,5 otaqlı,450 m²,Agentlik,
455 000,Mərdəkan q.,6 otaqlı,260 m²,Agentlik,
1 450 000,Mərdəkan q.,7 otaqlı,500 m²,Agentlik,
430 000,Mərdəkan q.,250 m²,,Agentlik,
258 000,Mərdəkan q.,4 otaqlı,150 m²,Agentlik,
475 000,Mərdəkan q.,5 otaqlı,260 m²,Agentlik,
470 000,Mərdəkan q.,5 otaqlı,300 m²,Agentlik,
750 000,Mərdəkan q.,5 otaqlı,400 m²,Agentlik,
245 000,Mərdəkan q.,4 otaqlı,170 m²,Agentlik,
285 000,Mərdəkan q.,4 otaqlı,150 m²,Agentlik,
845 000,Şüvəlan q.,5 otaqlı,400 m²,Agentlik,
